<?xml version="1.0" encoding="UTF-8"?>
<project-private xmlns="http://www.netbeans.org/ns/project-private/1">
    <editor-bookmarks xmlns="http://www.netbeans.org/ns/editor-bookmarks/2" lastBookmarkId="0"/>
    <open-files xmlns="http://www.netbeans.org/ns/projectui-open-files/2">
        <group>
            <file>file:/Users/bimal.parajuli/NetBeansProjects/Lab10/web/index.xhtml</file>
            <file>file:/Users/bimal.parajuli/NetBeansProjects/Lab10/src/java/com/lab10/CreditcardJSFManagedBean.java</file>
            <file>file:/Users/bimal.parajuli/NetBeansProjects/Lab10/web/result.xhtml</file>
        </group>
    </open-files>
</project-private>
